<?xml version="1.0" encoding="UTF-8"?>
<window type="dialog" id="1172">
    <defaultcontrol always="true">4500</defaultcontrol>
    <coordinates>
        <origin x="0" y="0" />
    </coordinates>
    <onload condition="$EXP[Exp_ContextMenu_QuickBar] + !$EXP[Exp_ContextMenu_HasBasic]">AlarmClock(refocusContext,SetFocus(8001),00:00,silent)</onload>
    <includes> <!--Requirements-->
        <!-- Gradient Color -->
        <variable name="ColorGradient">
            <value condition="!Skin.HasSetting(EnableMonochromeHighlight) + !String.IsEmpty(Skin.String(gradientcolor.name))">$INFO[Skin.String(gradientcolor.name)]</value>
            <value condition="!Skin.HasSetting(EnableMonochromeHighlight)">ff00bfa5</value>
            <value>$VAR[ColorHighlight]</value>
        </variable>
        <include name="Dialog_Background">
            <param name="shadows" default="true" />
            <param name="overlay" default="false" />
            <param name="overlay_texture" default="special://skin/fanart.jpg" />
            <param name="overlay_fallback" default="special://skin/fanart.jpg" />
            <param name="overlay_colordiffuse" default="overlay_hard" />
            <param name="overlay_visible" default="true" />
            <param name="overlay_animation" default="true" />
            <definition>
                <control type="group">
                    <control type="image">
                        <include condition="$PARAM[shadows]">Texture_Shadow_20</include>
                        <include>Texture_Dialog</include>
                    </control>
                    <include content="Object_Control" condition="$PARAM[overlay]">
                        <param name="control" value="image" />
                        <aspectratio scalediffuse="false">scale</aspectratio>
                        <texture background="true" colordiffuse="$PARAM[overlay_colordiffuse]" diffuse="diffuse/dialog_w1760_h800.png" fallback="$PARAM[overlay_fallback]">$PARAM[overlay_texture]</texture>
                        <include condition="$PARAM[overlay_animation]">Animation_FadeIn_Delay</include>
                        <include condition="$PARAM[overlay_animation]">Animation_FadeOut</include>
                        <visible>$PARAM[overlay_visible]</visible>
                    </include>
                    <nested />
                </control>
            </definition>
        </include>
        <include name="Object_Overlay">
            <param name="windowanimation" default="true" />
            <definition>
                <control type="image">
                    <nested />
                    <include content="Animation_Overlay_FadeIn" condition="$PARAM[windowanimation]">
                        <param name="delay" value="$PARAM[delay]" />
                    </include>
                    <include content="Texture_Control">
                        <param name="texture" value="common/dim-overlay.png" />
                    </include>
                </control>
            </definition>
        </include>
        <include name="Texture_Control">
            <texture colordiffuse="$PARAM[colordiffuse]" flipx="$PARAM[flipx]" flipy="$PARAM[flipy]">$PARAM[texture]</texture>
        </include>
        <include name="Dimension_Context">
            <centerleft>50%</centerleft>
            <centertop>dialog_tall_centertop</centertop>
            <width>1030.4</width>
            <height>720</height>
        </include>
        <include name="Dialog_ContextMenu_Header">
            <include content="Dialog_Header">
                <param name="id" value="7000" />
                <nested />
                <label>$VAR[Label_ContextMenu_Title]</label>
            </include>
        </include>
        <include name="Dialog_Context_Image">
            <param name="right" default="context_icon_w" />
            <param name="icon" default="$VAR[Image_ContextPoster]" />
            <definition>
                <control type="group">
                    <right>$PARAM[right]</right>
                    <include content="Dialog_Overlay">
                        <param name="flipx" value="true" />
                    </include>
                    <include content="Object_Separator">
                        <right>0</right>
                    </include>
                    <include content="Dialog_Group">
                        <include content="Object_BigPoster">
                            <param name="diffuse" value="$PARAM[diffuse]" />
                            <param name="icon" value="$PARAM[icon]" />
                            <param name="colordiffuse" value="shadow_soft" />
                            <param name="posterback_colordiffuse" value="$PARAM[posterback_colordiffuse]" />
                            <param name="aspectratio" value="$PARAM[aspectratio]" />
                        </include>
                    </include>
                </control>
            </definition>
        </include>
        <include name="Object_Separator">
            <param name="colordiffuse" default="dialog_fg_12" />
            <param name="horizontal" default="false" />
            <definition>
                <include content="Object_Control" condition="!$PARAM[horizontal]">
                    <param name="control" value="image" />
                    <nested />
                    <width>1</width>
                    <texture colordiffuse="$PARAM[colordiffuse]">common/white.png</texture>
                </include>
                <include content="Object_Control" condition="$PARAM[horizontal]">
                    <param name="control" value="image" />
                    <nested />
                    <height>1</height>
                    <texture colordiffuse="$PARAM[colordiffuse]">common/white.png</texture>
                </include>
            </definition>
        </include>
        <include name="Dialog_Group">
            <param name="control" default="group" />
            <definition>
                <control type="$PARAM[control]" id="$PARAM[id]">
                    <nested />
                    <left>dialog_pad</left>
                    <right>dialog_pad</right>
                    <bottom>dialog_pad</bottom>
                    <top>dialog_pad</top>
                </control>
            </definition>
        </include>
        <include name="Dialog_Scrollbar">
            <param name="id" default="61" />
            <definition>
                <control type="scrollbar" id="$PARAM[id]">
                    <nested />
                    <right>-4</right>
                    <width>8</width>
                    <animation effect="fade" condition="!Control.HasFocus($PARAM[id]) + !Skin.HasSetting(TouchMode)" start="100" end="0" time="200">Conditional</animation>
                </control>
            </definition>
        </include>
        <include name="Texture_Dialog">
            <texture border="16" colordiffuse="dialog_bg_100">common/dialog.png</texture>
        </include>
        <include name="Items_QuickNav">
            <param name="itemgap" default="30" />
            <definition>
                <control type="grouplist" id="8000">
                    <nested />
                    <left>30</left>
                    <right>30</right>
                    <align>center</align>
                    <height>80</height>
                    <orientation>horizontal</orientation>
                    <itemgap>$PARAM[itemgap]</itemgap>
                    <include content="Items_QuickNav_Button">
                        <param name="itemgap" value="$PARAM[itemgap]" />
                        <param name="icon" value="providers/imdb.png" />
                        <param name="id" value="10" />
                        <label>Hi</label>
                        <onup>$PARAM[onup]</onup>
                        <ondown>$PARAM[ondown]</ondown>
                        <onclick>SetFocus(50)</onclick>
                        <onclick>ActivateWindow(1173)</onclick>
                    </include>
                    <include content="Items_QuickNav_Button">
                        <param name="itemgap" value="$PARAM[itemgap]" />
                        <param name="icon" value="special://skin/extras/icons/search.png" />
                        <param name="id" value="02" />
                        <onclick>SetProperty(CustomSearchTerm,$ESCINFO[Window(Home).Property(ContextMenu.Title)],Home)</onclick>
                        <onclick>SetProperty(ReplaceWindow,1114,Home)</onclick>
                        <ondown>$PARAM[ondown]</ondown>
                        <onclick condition="!Window.IsActive(1114)">ActivateWindow(1114)</onclick>
                        <onclick condition="Window.IsActive(1114)">ReplaceWindow(1197)</onclick>
                    </include>
                    <include content="Items_QuickNav_Button">
                        <param name="itemgap" value="$PARAM[itemgap]" />
                        <param name="icon" value="special://skin/extras/icons/fire2.png" />
                        <param name="id" value="03" />
                        <onup>$PARAM[onup]</onup>
                        <ondown>$PARAM[ondown]</ondown>
                        <onclick>SetFocus(50)</onclick>
                        <onclick>AlarmClock(DelayCommand,RunScript(plugin.video.themoviedb.helper,related_lists,$INFO[Window(Home).Property(ContextMenu.Params)]),00:01,silent)</onclick>
                    </include>
                    <include content="Items_QuickNav_Button">
                        <param name="itemgap" value="$PARAM[itemgap]" />
                        <param name="icon" value="special://skin/extras/icons/binoculars.png" />
                        <param name="id" value="04" />
                        <onup>$PARAM[onup]</onup>
                        <ondown>$PARAM[ondown]</ondown>
                        <onclick condition="![String.IsEqual(Window(Home).Property(ContextMenu.DBType),tvshow) | String.IsEqual(Window(Home).Property(ContextMenu.DBType),season) | String.IsEqual(Window(Home).Property(ContextMenu.DBType),episode)]">ActivateWindow(videos,plugin://plugin.video.themoviedb.helper/?info=user_discover&amp;tmdb_type=movie,return)</onclick>
                        <onclick condition="[String.IsEqual(Window(Home).Property(ContextMenu.DBType),tvshow) | String.IsEqual(Window(Home).Property(ContextMenu.DBType),season) | String.IsEqual(Window(Home).Property(ContextMenu.DBType),episode)]">ActivateWindow(videos,plugin://plugin.video.themoviedb.helper/?info=user_discover&amp;tmdb_type=tv,return)</onclick>
                    </include>
                    <include content="Items_QuickNav_Button">
                        <param name="itemgap" value="$PARAM[itemgap]" />
                        <param name="icon" value="special://skin/extras/icons/fullscreen.png" />
                        <param name="id" value="05" />
                        <onup>$PARAM[onup]</onup>
                        <ondown>$PARAM[ondown]</ondown>
                        <onclick>fullscreen</onclick>
                    </include>
                </control>
                <control type="image" id="8200">
                    <top>-1</top>
                    <left>40</left>
                    <right>40</right>
                    <height>1</height>
                    <texture colordiffuse="dialog_fg_12">common/white.png</texture>
                </control>
            </definition>
        </include>
        <include content="Dialog_Settings_Button">
            <param name="id" value="9961" />
            <param name="control" value="button" />
            <description>ContextButton</description>
            <label>Hi</label>
            <!-- <onclick condition="String.IsEmpty(Container(211).ListItem.Property(widgetAspect.SubmenuBumper)) | String.IsEqual(Container(211).ListItem.Property(widgetAspect.SubmenuBumper),Standard)">SetProperty(customValue,Image)</onclick> -->
            <!-- <onclick condition="String.IsEqual(Container(211).ListItem.Property(widgetAspect.SubmenuBumper),Image)">SetProperty(customValue,Text)</onclick> -->
            <onclick>SendClick(4510)</onclick>
        </include>
        <include name="Object_MenuHeader">
            <param name="icon" default="special://skin/extras/icons/kodi.png" />
            <param name="label" default="$LOCALIZE[33063]" />
            <param name="has_icon" default="true" />
            <param name="colordiffuse" default="$VAR[ColorHighlight]" />
            <param name="textcolor" default="dialog_fg" />
            <param name="font" default="font_small_bold" />
            <definition>
                <control type="group" id="$PARAM[id]">
                    <nested />
                    <height>120</height>
                    <control type="label">
                        <label>$PARAM[label]</label>
                        <textoffsetx>row_height_x50</textoffsetx>
                        <font>$PARAM[font]</font>
                        <aligny>center</aligny>
                        <textcolor>$PARAM[textcolor]_70</textcolor>
                    </control>
                    <include content="Object_Control" condition="$PARAM[has_icon]">
                        <param name="control" value="group" />
                        <right>row_height_x25</right>
                        <centertop>50%</centertop>
                        <height>row_height</height>
                        <width>row_height</width>
                        <control type="image">
                            <bordersize>$PARAM[bordersize]</bordersize>
                            <texture colordiffuse="$PARAM[colordiffuse]">$PARAM[icon]</texture>
                        </control>
                    </include>
                    <control type="image">
                        <bottom>20</bottom>
                        <height>1</height>
                        <left>row_height_x50</left>
                        <right>row_height_x50</right>
                        <texture colordiffuse="$PARAM[textcolor]_12">common/white.png</texture>
                    </control>
                </control>
            </definition>
        </include>
        
        
    </includes>
    <controls>
        <include content="Object_Overlay">
            <param name="delay" value="300" />
        </include>
        <defaultcontrol always="true">4500</defaultcontrol>

        <control type="group">
            <include content="Animation_SlideIn_Dialog">
                <param name="windowopen_delay" value="600" />
            </include>
            <include>Animation_FadeOut</include>
            <include>Dimension_Context</include>
            <include content="Dialog_ContextMenu_Header">
                <visible>!$EXP[Exp_ContextMenu_HasBasic]</visible>
            </include>

            <animation effect="slide" start="0" end="0,120" condition="$EXP[Exp_ContextMenu_HasBasic]">Conditional</animation>


            <control type="group">
                <!-- Slide Over if Square -->
                <animation effect="slide" end="context_slide_sq" condition="$EXP[Exp_ContextMenu_HasIcon]">Conditional</animation>
                <animation effect="slide" end="context_slide_no" condition="!$EXP[Exp_ContextMenu_HasPoster] + !$EXP[Exp_ContextMenu_HasIcon]">Conditional</animation>

                <!-- Poster Image -->
                <control type="group">
                    <visible>$EXP[Exp_ContextMenu_HasPoster]</visible>
                    <include content="Dialog_Background">
                        <param name="overlay" value="true" />
                        <param name="overlay_texture" value="$VAR[Image_ContextFanart]" />
                        <include content="Dialog_Context_Image">
                            <param name="diffuse" value="diffuse/poster_w435_h640.png" />
                        </include>
                    </include>
                </control>

                <!-- Square Image -->
                <control type="group">
                    <left>context_icon_sq_l</left>
                    <visible>$EXP[Exp_ContextMenu_HasIcon]</visible>
                    <include content="Dialog_Background">
                        <param name="overlay" value="true" />
                        <param name="overlay_texture" value="$VAR[Image_ContextFanart]" />
                        <include content="Dialog_Context_Image">
                            <param name="aspectratio" value="keep" />
                            <param name="diffuse" value="diffuse/square_w640_h640.png" />
                        </include>
                    </include>
                </control>

                <!-- No Image -->
                <control type="group">
                    <left>context_icon_w</left>
                    <bottom>20</bottom>
                    <visible>!$EXP[Exp_ContextMenu_HasPoster] + !$EXP[Exp_ContextMenu_HasIcon]</visible>
                    <control type="image" id="999">
                        <include condition="$PARAM[shadows]">Texture_Shadow_20</include>
                        <include>Texture_Dialog</include>
                    </control>
                </control>

                <!-- Menu -->
                <control type="group">
                    <right>0</right>
                    <width>context_icon_w</width>
                    <include content="Object_MenuHeader">
                        <param name="label" value="Parental Guide" />
                        <param name="icon" value=""/>
                    </include>
                    <control type="button" id="2000">
                        <visible allowhiddenfocus="true">false</visible>
                        <height>1</height>
                        <onfocus condition="Control.IsVisible(4500)">SetFocus(4500)</onfocus>
                        <onfocus condition="Control.IsVisible(1003)">SetFocus(1003)</onfocus>
                        <onfocus condition="Control.IsVisible(1004)">SetFocus(1004)</onfocus>
                        <onfocus condition="Control.IsVisible(1005)">SetFocus(1005)</onfocus>
                        <onfocus condition="Control.IsVisible(1006)">SetFocus(1006)</onfocus>
                        <onfocus condition="Control.IsVisible(1007)">SetFocus(1007)</onfocus>
                        <onfocus condition="Control.IsVisible(1008)">SetFocus(1008)</onfocus>
                        <onfocus condition="Control.IsVisible(1009)">SetFocus(1009)</onfocus>
                        <onfocus condition="Control.IsVisible(1010)">SetFocus(1010)</onfocus>
                        <onfocus condition="Control.IsVisible(1011)">SetFocus(1011)</onfocus>
                        <onfocus condition="Control.IsVisible(1012)">SetFocus(1012)</onfocus>
                        <onfocus condition="Control.IsVisible(1013)">SetFocus(1013)</onfocus>
                        <onfocus condition="Control.IsVisible(1014)">SetFocus(1014)</onfocus>
                        <onfocus condition="Control.IsVisible(1015)">SetFocus(1015)</onfocus>
                        <onfocus condition="Control.IsVisible(1016)">SetFocus(1016)</onfocus>
                        <onfocus condition="Control.IsVisible(1017)">SetFocus(1017)</onfocus>
                        <onfocus condition="Control.IsVisible(1018)">SetFocus(1018)</onfocus>
                        <onfocus condition="Control.IsVisible(1019)">SetFocus(1019)</onfocus>
                        <onfocus condition="Control.IsVisible(1020)">SetFocus(1020)</onfocus>
                    </control>

                    <!-- Quick Nav -->
                    <include content="Object_Control" condition="$EXP[Exp_ContextMenu_QuickBar]">
                        <param name="control" value="grouplist" />
                        <top>120</top>

                        <orientation>vertical</orientation>
                        <include content="Items_QuickNav">
                            <param name="itemgap" value="39" />
                            <param name="ondown" value="4500" />
                            <param name="onup" value="2000" />
                            <left>0</left>
                            <right>0</right>
                            <height>80</height>
                            <visible>!$EXP[Exp_ContextMenu_HasBasic]</visible>
                        </include>
                        
                        <control type="image">
                            <top>10</top>
                            <!-- <centerright>100%</centerright> -->
                            <height>25</height>
                            <aspectratio>keep</aspectratio>    
                            <texture colordiffuse="$VAR[ColorSelected]">providers/$INFO[Window(home).Property(ParentalGuide.provider)].png</texture>
                            <visible>true</visible>
                            <animation effect="slide" end="context_slide_arrow_no" condition="$EXP[Exp_ContextMenu_HasIcon]">Conditional</animation>
                        </control>
<!--                         <control type="label">
                                <description>debug selected item</description>
                                <top>10</top>
                                <width>500</width>
                                <height>30</height>
                                <aligny>center</aligny>
                                <align>left</align>
                                <visible>true</visible>
                                <font>font_button</font>
                                <wrapmultiline>true</wrapmultiline>
                                <label>$INFO[Window(home).Property(SelectedCat)]</label>
                        </control> -->
<!--                         <control type="button" id="6600">
                                <description>Description</description>
                                <top>10</top>
                                <width>500</width>
                                <height>30</height>
                                <aligny>center</aligny>
                                <align>left</align>
                                <wrapmultiline>false</wrapmultiline>
                                <info>ListItem.Label</info>
                                <font>font_button</font>
                        </control> -->
                        <control type="list" id="4500">
                            <top>10</top>
                            <left>15</left>
                            <height>450</height>
                            <include>Animation_Left_Delay</include>
                            <visible>true</visible>
                            <autoscroll>false</autoscroll>
                            <orientation>vertical</orientation>
                            <pagecontrol>61</pagecontrol>
                            <itemgap>0</itemgap>
                            <onup>8000</onup>
                            <onright>8000</onright>
                            <onleft>8000</onleft>
                            <animation effect="slide" end="context_slide_arrow_no" condition="$EXP[Exp_ContextMenu_HasIcon]">Conditional</animation>
                            <content>
                                <item>
                                    <visible>!String.IsEmpty(Window(home).Property(ParentalGuide.1.Section))</visible>
                                    <label>[B]$INFO[Window(home).Property(ParentalGuide.1.Section)][/B] - $INFO[Window(home).Property(ParentalGuide.Cat.Name.1)]</label>
                                    <thumb>$INFO[Window(home).Property(ParentalGuide.Cat.1)]</thumb>
                                    <info>$INFO[Window(home).Property(ParentalGuide.Cat.Name.1)]</info>
                                    <onfocus>SetProperty(SelectedCat,1,Home)</onfocus>
                                    <onclick>SetProperty(SelectedCat,1,Home)</onclick>
                                    <onclick>RunScript(special://home/addons/script.parentalguide/script.py)</onclick>
                                </item>
                                <item>
                                    <visible>!String.IsEmpty(Window(home).Property(ParentalGuide.2.Section))</visible>
                                    <thumb>$INFO[Window(home).Property(ParentalGuide.Cat.2)]</thumb>
                                    <label>[B]$INFO[Window(home).Property(ParentalGuide.2.Section)][/B] - $INFO[Window(home).Property(ParentalGuide.Cat.Name.2)]</label>
                                    <onfocus>SetProperty(SelectedCat,2,Home)</onfocus>
                                    <onclick>SetProperty(SelectedCat,2,Home)</onclick>
                                    <onclick>RunScript(special://home/addons/script.parentalguide/script.py)</onclick>
                                </item>
                                <item>
                                    <visible>!String.IsEmpty(Window(home).Property(ParentalGuide.3.Section))</visible>
                                    <thumb>$INFO[Window(home).Property(ParentalGuide.Cat.3)]</thumb>
                                    <label>[B]$INFO[Window(home).Property(ParentalGuide.3.Section)][/B] - $INFO[Window(home).Property(ParentalGuide.Cat.Name.3)]</label>
                                    <onclick>SetProperty(SelectedCat,3,Home)</onclick>
                                    <onclick>RunScript(special://home/addons/script.parentalguide/script.py)</onclick>
                                </item>
                                <item>
                                    <visible>!String.IsEmpty(Window(home).Property(ParentalGuide.4.Section))</visible>
                                    <thumb>$INFO[Window(home).Property(ParentalGuide.Cat.4)]</thumb>
                                    <label>[B]$INFO[Window(home).Property(ParentalGuide.4.Section)][/B] - $INFO[Window(home).Property(ParentalGuide.Cat.Name.4)]</label>
                                    <onclick>SetProperty(SelectedCat,4,Home)</onclick>
                                    <onclick>RunScript(special://home/addons/script.parentalguide/script.py)</onclick>
                                </item>
                                <item>
                                    <visible>!String.IsEmpty(Window(home).Property(ParentalGuide.5.Section))</visible>
                                    <thumb>$INFO[Window(home).Property(ParentalGuide.Cat.5)]</thumb>
                                    <label>[B]$INFO[Window(home).Property(ParentalGuide.5.Section)][/B] - $INFO[Window(home).Property(ParentalGuide.Cat.Name.5)]</label>
                                    <onclick>SetProperty(SelectedCat,5,Home)</onclick>
                                    <onclick>RunScript(special://home/addons/script.parentalguide/script.py)</onclick>
                                </item>
                                <item>
                                    <visible>!String.IsEmpty(Window(home).Property(ParentalGuide.6.Section))</visible>
                                    <thumb>$INFO[Window(home).Property(ParentalGuide.Cat.6)]</thumb>
                                    <label>[B]$INFO[Window(home).Property(ParentalGuide.6.Section)][/B] - $INFO[Window(home).Property(ParentalGuide.Cat.Name.6)]</label>
                                    <onclick>SetProperty(SelectedCat,6,Home)</onclick>
                                    <onclick>RunScript(special://home/addons/script.parentalguide/script.py)</onclick>
                                </item>
                                <item>
                                    <visible>!String.IsEmpty(Window(home).Property(ParentalGuide.7.Section))</visible>
                                    <thumb>$INFO[Window(home).Property(ParentalGuide.Cat.7)]</thumb>
                                    <label>[B]$INFO[Window(home).Property(ParentalGuide.7.Section)][/B] - $INFO[Window(home).Property(ParentalGuide.Cat.Name.7)]</label>
                                    <onclick>SetProperty(SelectedCat,7,Home)</onclick>
                                    <onclick>RunScript(special://home/addons/script.parentalguide/script.py)</onclick>
                                </item>
                                <item>
                                    <visible>!String.IsEmpty(Window(home).Property(ParentalGuide.8.Section))</visible>
                                    <thumb>$INFO[Window(home).Property(ParentalGuide.Cat.8)]</thumb>
                                    <label>[B]$INFO[Window(home).Property(ParentalGuide.8.Section)][/B] - $INFO[Window(home).Property(ParentalGuide.Cat.Name.8)]</label>
                                    <onclick>SetProperty(SelectedCat,8,Home)</onclick>
                                    <onclick>RunScript(special://home/addons/script.parentalguide/script.py)</onclick>
                                </item>
                            </content>
                            <itemlayout height="60" width="500">
                                <control type="label" id="4560">
                                        <description>Description</description>
                                        <left>30</left>
                                        <top>80</top>
                                        <right>0</right>
                                        <height>30</height>
                                        <aligny>center</aligny>
                                        <align>left</align>
                                        <font>font_button</font>
                                        <wrapmultiline>false</wrapmultiline>
                                        <info>ListItem.Label</info>
                                        <onfocus>setfocus(4510)</onfocus>
                                        <!-- <action>setfocus(4510)</action> -->
                                        <!-- <onfocus>SetProperty(SelectedCat,$INFO[Window(home).Property(ParentalGuide.1.Section)])</onfocus> -->
                                        <!-- <onfocus>SendClick(6600)</onfocus> -->
                                        <!-- <onclick>setfocus(6600)</onclick> -->
                                        <!-- <onaction>SetProperty(SelectedCat,$INFO[Window(home).Property(ParentalGuide.1.Section)])</onaction> -->
                                        <!-- <onclick>RunScript(special://home/addons/script.parentalguide/script.py)</onclick> -->
                                        
                                        <!-- <label>$INFO[ListItem.Label]</label> -->
                                </control>
                                <control type="image">
                                        <!-- <posx>230</posx> -->
                                        <left>5</left>
                                        <top>80</top>
                                        <width>15</width>
                                        <height>30</height>
                                        <aligny>center</aligny>
                                        <align>left</align>
                                        <aspectratio>keep</aspectratio>
                                        <info>ListItem.Icon</info>
                                </control>

<!--                                 <control type="image">
                                        <left>265</left>
                                        <top>80</top>
                                        <width>250</width>
                                        <height>30</height>
                                        <aligny>center</aligny>
                                        <align>left</align>
                                        <aspectratio>keep</aspectratio>
                                        <info>ListItem.Icon</info>
                                </control> -->
                            </itemlayout>
                            <focusedlayout height="60" width="500">
                            
                                <control type="label">
                                        <description>Description</description>
                                        <!-- <posx>0</posx> -->
                                        <left>30</left>
                                        <top>80</top>
                                        <width>500</width>
                                        <height>30</height>
                                        <aligny>center</aligny>
                                        <align>left</align>
                                        <wrapmultiline>false</wrapmultiline>
                                        <info>ListItem.Label</info>
                                        <font>font_button</font>
                                        <!-- <onclick>setfocus(6600)</onclick> -->
                                        <onfocus>setfocus(4510)</onfocus>
                                        <!-- <label>$INFO[ListItem.Label]</label> -->
                                        <!-- <onclick>SetProperty(SelectedCat,$INFO[Window(home).Property(ParentalGuide.1.Section)])</onclick> -->
                                        <!-- <onfocus>SetProperty(SelectedCat,$INFO[Window(home).Property(ParentalGuide.1.Section)])</onfocus> -->
                                        <!-- <onfocus>RunScript(special://home/addons/script.parentalguide/script.py)</onfocus> -->
                                </control>
                                <control type="image">
                                        <left>5</left>
                                        <top>80</top>
                                        <width>15</width>
                                        <height>30</height>
                                        <aligny>center</aligny>
                                        <align>left</align>
                                        <aspectratio>keep</aspectratio>
                                        <info>ListItem.Icon</info>
                                </control>
                    
                                <control type="button" id="4510">
                                        <description>Hidden Btn</description>
                                        <left>30</left>
                                        <top>80</top>
                                        <width>500</width>
                                        <height>30</height>
                                        <aligny>center</aligny>
                                        <align>left</align>
                                        <wrapmultiline>false</wrapmultiline>
                                        <info>ListItem.Label</info>
                                        <label>$INFO[ListItem.Label]</label>
                                        <font>font_button</font>
                                        <!-- <onfocus>SetProperty(SelectedCat,$INFO[Window(home).Property(ParentalGuide.1.Section)])</onfocus> -->
                                        <!-- <action>RunScript(special://home/addons/script.parentalguide/script.py)</action> -->
                                        <!-- <onfocus>RunScript(special://home/addons/script.parentalguide/script.py)</onfocus> -->
                                        <!-- <onclick>setfocus(4550)</onclick> -->
                                        <!-- <onfocus>SendClick(6600)</onfocus> -->
                                </control>
                                        <!-- <onfocus>RunScript(special://home/addons/script.parentalguide/script.py)</onfocus> -->
<!--                                 <control type="image">
                                      
                                        <left>240</left>
                                        <top>80</top>
                                        <width>250</width>
                                        <height>30</height>
                                        <aligny>center</aligny>
                                        <align>left</align>
                                        <aspectratio>keep</aspectratio>
                                        <info>ListItem.Icon</info>
                                        
                                </control> -->
                            </focusedlayout>
                    
                        <include content="Dialog_Scrollbar">
                            <right>0</right>
                            <top>0</top>
                            <onright>Close</onright>
                            <onleft>Close</onleft>
                            <showonepage>true</showonepage>
                            <visible allowhiddenfocus="true">false</visible>
                        </include>       
                        </control>
                    </include>



                    <include content="Dialog_Settings_Button" condition="$EXP[Exp_ContextMenu_QuickBar]">
                        <param name="id" value="9500" />
                        <param name="control" value="button" />
                        <label>$LOCALIZE[222]</label>
                        <width>context_icon_w</width>
                        <onclick>Close</onclick>
                        <visible>$EXP[Exp_ContextMenu_HasBasic]</visible>
                        <ondown>1001</ondown>
                        <onup>2000</onup>
                        <top>280</top>
                        <height>80</height>
                    </include>

                    <!-- Main Menu -->
                    
                    <include content="Object_Control">
                        <param name="control" value="grouplist" />
                        <param name="id" value="996" />
                        <include content="Object_Include" condition="$EXP[Exp_ContextMenu_QuickBar]">
                            <top>200</top>
                        </include>
                        <animation effect="slide" start="0" end="0,-80" condition="$EXP[Exp_ContextMenu_HasBasic] + $EXP[Exp_ContextMenu_QuickBar]">Conditional</animation>

                        <top>120</top>
                        <bottom>40</bottom>
                        <orientation>vertical</orientation>
                        <itemgap>0</itemgap>
                        <onleft>Close</onleft>
                        <onright>Close</onright>
                        <include content="Object_Include" condition="$EXP[Exp_ContextMenu_QuickBar]">
                            <onup condition="!$EXP[Exp_ContextMenu_HasBasic]">8000</onup>
                            <ondown condition="!$EXP[Exp_ContextMenu_HasBasic]">SetFocus(1001)</ondown>
                            <ondown condition="!$EXP[Exp_ContextMenu_HasBasic]">SetFocus(8000)</ondown>
                            <onup condition="$EXP[Exp_ContextMenu_HasBasic]">9500</onup>
                            <ondown condition="$EXP[Exp_ContextMenu_HasBasic]">9500</ondown>
                        </include>
                    </include>
                    <control type="image">
                        <bottom>-24</bottom>
                        <centerright>100%</centerright>
                        <height>16</height>
                        <width>16</width>
                        <texture colordiffuse="$VAR[ColorSelected]">common/arrow-small.png</texture>
                        <visible>Container(996).HasNext</visible>
                        <animation effect="slide" end="context_slide_arrow_no" condition="$EXP[Exp_ContextMenu_HasIcon]">Conditional</animation>
                    </control>
                </control>
            </control>
        </control>

        <control type="grouplist">
            <animation type="WindowOpen" reversible="false">
                <effect type="fade" start="0" end="100" time="600" tween="sine" delay="200" easing="in" />
                <effect type="slide" start="-1200" end="0" time="600" center="auto" tween="quadratic" delay="200" easing="out" />
            </animation>
            <animation effect="slide" end="0,200" time="300" reversible="true" condition="Control.HasFocus(10) | Control.HasFocus(11) | Control.HasFocus(12) | Control.HasFocus(13) | Control.HasFocus(14) | Control.HasFocus(15) | Control.HasFocus(16) | Control.HasFocus(17)">Conditional</animation>
            <top>300</top>
            <left>50</left>
            <width>1920</width>
            <height>770</height>
            <orientation>vertical</orientation>
            <scrolltime tween="cubic" easing="out">600</scrolltime>
            <itemgap>-300</itemgap>
            <usecontrolcoords>true</usecontrolcoords>
            <!-- IMDb Reviews -->
            <control type="group">
                <visible>Integer.IsGreater(Container(2052).NumItems,0)</visible>
                <height>750</height>
                <control type="group">
                    <control type="label">
                        <width max="1160">auto</width>
                        <height>20</height>
                        <font>font14</font>
                        <textcolor>FFCCCCCC</textcolor>
                        <align>left</align>
                        <aligny>bottom</aligny>
                        <label>[B]$ADDON[plugin.video.ezra 32607][/B] $INFO[Window.Property(parental.guide.imdb_reviews.number)]</label>
                    </control>
                    <control type="panel" id="2052">
                        <pagecontrol>4052</pagecontrol>
                        <top>45</top>
                        <width>1180</width>
                        <height>360</height>
                        <onup>2051</onup>
                        <ondown>4052</ondown>
                        <viewtype label="">list</viewtype>
                        <scrolltime>200</scrolltime>
                        <orientation>horizontal</orientation>
                        <itemlayout height="380" width="590">
                            <control type="image">
                                <height>380</height>
                                <width>570</width>
                                <texture colordiffuse="FF302F2F">common/white.png</texture>
                            </control>
                            <control type="textbox">
                                <top>15</top>
                                <left>15</left>
                                <width>540</width>
                                <height>308</height>
                                <font>font12</font>
                                <align>center</align>
                                <aligny>top</aligny>
                                <textcolor>FFB7B4BB</textcolor>
                                <label>$INFO[ListItem.Property(parental.guide.text)]</label>
                            </control>
                        </itemlayout>
                        <focusedlayout height="380" width="590">
                            <control type="group">
                                <animation effect="zoom" start="100" end="102" time="100" tween="sine" easing="inout" center="295,190">Focus</animation>
                                <animation effect="zoom" start="102" end="100" time="100" tween="sine" easing="inout" center="295,190">Unfocus</animation>
                                <control type="image">
                                    <height>380</height>
                                    <width>570</width>
                                    <texture colordiffuse="$INFO[Window().Property(tikiskins.highlight)]">common/white.png</texture>
                                </control>
                                <control type="textbox">
                                    <top>15</top>
                                    <left>15</left>
                                    <width>540</width>
                                    <height>308</height>
                                    <font>font12</font>
                                    <align>center</align>
                                    <aligny>top</aligny>
                                    <textcolor>FFCCCCCC</textcolor>
                                    <label>$INFO[ListItem.Property(parental.guide.text)]</label>
                                </control>
                            </control>
                        </focusedlayout>
                    </control>
                    <control type="scrollbar" id="4052">
                        <top>412</top>
                        <width>1160</width>
                        <height>15</height>
                        <onup>2052</onup>
                        <ondown>2053</ondown>
                        <texturesliderbackground colordiffuse="FF302F2F">common/white.png</texturesliderbackground>
                        <texturesliderbar colordiffuse="FF555556">common/white.png</texturesliderbar>
                        <texturesliderbarfocus colordiffuse="FFB7B4BB">common/white.png</texturesliderbarfocus>
                        <showonepage>false</showonepage>
                        <orientation>Horizontal</orientation>
                        <visible>Control.IsVisible(2052) + String.IsEqual(Window.Property(parental.guide.enable_scrollbars),true)</visible>
                    </control>
                    <control type="image">
                        <top>210</top>
                        <left>10</left>
                        <width>25</width>
                        <height>25</height>
                        <visible>[Control.HasFocus(2052) | Control.HasFocus(4052)] + Container(2052).HasPrevious</visible>
                        <texture>common/arrow_left.png</texture>
                    </control>
                    <control type="image">
                        <top>210</top>
                        <left>1125</left>
                        <width>25</width>
                        <height>25</height>
                        <visible>[Control.HasFocus(2052) | Control.HasFocus(4052)] + Container(2052).HasNext</visible>
                        <texture>common/arrow_right.png</texture>
                    </control>
                </control>
            </control>
            <!-- IMDb Trivia -->
            <control type="group">
                <visible>Integer.IsGreater(Container(2053).NumItems,0)</visible>
                <height>750</height>
                <control type="group">
                    <control type="label">
                        <width max="1160">auto</width>
                        <height>20</height>
                        <font>font14</font>
                        <textcolor>FFCCCCCC</textcolor>
                        <align>left</align>
                        <aligny>bottom</aligny>
                        <label>[B]$ADDON[plugin.video.ezra 32984][/B] $INFO[Window.Property(parental.guide.imdb_trivia.number)]</label>
                    </control>
                    <control type="panel" id="2053">
                        <pagecontrol>4053</pagecontrol>
                        <top>45</top>
                        <width>1180</width>
                        <height>360</height>
                        <onup>2052</onup>
                        <ondown>4053</ondown>
                        <viewtype label="">list</viewtype>
                        <scrolltime>200</scrolltime>
                        <orientation>horizontal</orientation>
                        <itemlayout height="380" width="590">
                            <control type="image">
                                <height>380</height>
                                <width>570</width>
                                <texture colordiffuse="FF302F2F">common/white.png</texture>
                            </control>
                            <control type="textbox">
                                <top>15</top>
                                <left>15</left>
                                <width>540</width>
                                <height>308</height>
                                <font>font12</font>
                                <align>center</align>
                                <aligny>top</aligny>
                                <textcolor>FFB7B4BB</textcolor>
                                <label>$INFO[ListItem.Property(parental.guide.text)]</label>
                            </control>
                        </itemlayout>
                        <focusedlayout height="380" width="590">
                            <control type="group">
                                <animation effect="zoom" start="100" end="102" time="100" tween="sine" easing="inout" center="295,190">Focus</animation>
                                <animation effect="zoom" start="102" end="100" time="100" tween="sine" easing="inout" center="295,190">Unfocus</animation>
                                <control type="image">
                                    <height>380</height>
                                    <width>570</width>
                                    <texture colordiffuse="$INFO[Window().Property(tikiskins.highlight)]">common/white.png</texture>
                                </control>
                                <control type="textbox">
                                    <top>15</top>
                                    <left>15</left>
                                    <width>540</width>
                                    <height>308</height>
                                    <font>font12</font>
                                    <align>center</align>
                                    <aligny>top</aligny>
                                    <textcolor>FFCCCCCC</textcolor>
                                    <label>$INFO[ListItem.Property(parental.guide.text)]</label>
                                </control>
                            </control>
                        </focusedlayout>
                    </control>
                    <control type="scrollbar" id="4053">
                        <top>412</top>
                        <width>1160</width>
                        <height>15</height>
                        <onup>2053</onup>
                        <ondown>2054</ondown>
                        <texturesliderbackground colordiffuse="FF302F2F">common/white.png</texturesliderbackground>
                        <texturesliderbar colordiffuse="FF555556">common/white.png</texturesliderbar>
                        <texturesliderbarfocus colordiffuse="FFB7B4BB">common/white.png</texturesliderbarfocus>
                        <showonepage>false</showonepage>
                        <orientation>Horizontal</orientation>
                        <visible>Control.IsVisible(2053) + String.IsEqual(Window.Property(parental.guide.enable_scrollbars),true)</visible>
                    </control>
                    <control type="image">
                        <top>210</top>
                        <left>10</left>
                        <width>25</width>
                        <height>25</height>
                        <visible>[Control.HasFocus(2053) | Control.HasFocus(4053)] + Container(2053).HasPrevious</visible>
                        <texture>common/arrow_left.png</texture>
                    </control>
                    <control type="image">
                        <top>210</top>
                        <left>1125</left>
                        <width>25</width>
                        <height>25</height>
                        <visible>[Control.HasFocus(2053) | Control.HasFocus(4053)] + Container(2053).HasNext</visible>
                        <texture>common/arrow_right.png</texture>
                    </control>
                </control>
            </control>
            <!-- IMDb Blunders -->
            <control type="group">
                <visible>Integer.IsGreater(Container(2054).NumItems,0)</visible>
                <height>750</height>
                <control type="group">
                    <control type="label">
                        <width max="1160">auto</width>
                        <height>20</height>
                        <font>font14</font>
                        <textcolor>FFCCCCCC</textcolor>
                        <align>left</align>
                        <aligny>bottom</aligny>
                        <label>[B]$ADDON[plugin.video.ezra 32986][/B] $INFO[Window.Property(parental.guide.imdb_blunders.number)]</label>
                    </control>
                    <control type="panel" id="2054">
                        <pagecontrol>4054</pagecontrol>
                        <top>45</top>
                        <width>1180</width>
                        <height>360</height>
                        <onup>2053</onup>
                        <ondown>4054</ondown>
                        <viewtype label="">list</viewtype>
                        <scrolltime>200</scrolltime>
                        <orientation>horizontal</orientation>
                        <itemlayout height="380" width="590">
                            <control type="image">
                                <height>380</height>
                                <width>570</width>
                                <texture colordiffuse="FF302F2F">common/white.png</texture>
                            </control>
                            <control type="textbox">
                                <top>15</top>
                                <left>15</left>
                                <width>540</width>
                                <height>308</height>
                                <font>font12</font>
                                <align>center</align>
                                <aligny>top</aligny>
                                <textcolor>FFB7B4BB</textcolor>
                                <label>$INFO[ListItem.Property(parental.guide.text)]</label>
                            </control>
                        </itemlayout>
                        <focusedlayout height="380" width="590">
                            <control type="group">
                                <animation effect="zoom" start="100" end="102" time="100" tween="sine" easing="inout" center="295,190">Focus</animation>
                                <animation effect="zoom" start="102" end="100" time="100" tween="sine" easing="inout" center="295,190">Unfocus</animation>
                                <control type="image">
                                    <height>380</height>
                                    <width>570</width>
                                    <texture colordiffuse="$INFO[Window().Property(tikiskins.highlight)]">common/white.png</texture>
                                </control>
                                <control type="textbox">
                                    <top>15</top>
                                    <left>15</left>
                                    <width>540</width>
                                    <height>308</height>
                                    <font>font12</font>
                                    <align>center</align>
                                    <aligny>top</aligny>
                                    <textcolor>FFCCCCCC</textcolor>
                                    <label>$INFO[ListItem.Property(parental.guide.text)]</label>
                                </control>
                            </control>
                        </focusedlayout>
                    </control>
                    <control type="scrollbar" id="4054">
                        <top>412</top>
                        <width>1160</width>
                        <height>15</height>
                        <onup>2054</onup>
                        <ondown>2055</ondown>
                        <texturesliderbackground colordiffuse="FF302F2F">common/white.png</texturesliderbackground>
                        <texturesliderbar colordiffuse="FF555556">common/white.png</texturesliderbar>
                        <texturesliderbarfocus colordiffuse="FFB7B4BB">common/white.png</texturesliderbarfocus>
                        <showonepage>false</showonepage>
                        <orientation>Horizontal</orientation>
                        <visible>Control.IsVisible(2054) + String.IsEqual(Window.Property(parental.guide.enable_scrollbars),true)</visible>
                    </control>
                    <control type="image">
                        <top>210</top>
                        <left>10</left>
                        <width>25</width>
                        <height>25</height>
                        <visible>[Control.HasFocus(2054) | Control.HasFocus(4054)] + Container(2054).HasPrevious</visible>
                        <texture>common/arrow_left.png</texture>
                    </control>
                    <control type="image">
                        <top>210</top>
                        <left>1125</left>
                        <width>25</width>
                        <height>25</height>
                        <visible>[Control.HasFocus(2054) | Control.HasFocus(4054)] + Container(2054).HasNext</visible>
                        <texture>common/arrow_right.png</texture>
                    </control>
                </control>
            </control>
            <!-- IMDb Parents Guide -->
            <control type="group">
                <visible>Integer.IsGreater(Container(2055).NumItems,0)</visible>
                <height>750</height>
                <control type="group">
                    <control type="label">
                        <width max="1160">auto</width>
                        <height>20</height>
                        <font>font14</font>
                        <textcolor>FFCCCCCC</textcolor>
                        <align>left</align>
                        <aligny>bottom</aligny>
                        <label>$INFO[Window.Property(parental.guide.imdb_parentsguide.number)]</label>
                    </control>
                    <control type="panel" id="2055">
                        <top>45</top>
                        <width>1180</width>
                        <height>360</height>
                        <onup>2054</onup>
                        <ondown>2056</ondown>
                        <viewtype label="">list</viewtype>
                        <scrolltime>200</scrolltime>
                        <orientation>horizontal</orientation>
                        <itemlayout height="360" width="236">
                            <control type="image">
                                <height>360</height>
                                <width>230</width>
                                <texture colordiffuse="FF302F2F">common/white.png</texture>
                            </control>
                            <control type="image">
                                <left>6</left>
                                <top>40</top>
                                <width>224</width>
                                <height>320</height>
                                <aspectratio>scale</aspectratio>
                                <texture>$INFO[ListItem.Property(parental.guide.thumbnail)]</texture>
                            </control>
                            <control type="textbox">
                                <left>6</left>
                                <top>6</top>
                                <width>224</width>
                                <height>75</height>
                                <font>font12</font>
                                <align>center</align>
                                <aligny>center</aligny>
                                <textcolor>FFB7B4BB</textcolor>
                                <label>$INFO[ListItem.Property(parental.guide.name)]</label>
                            </control>
                            <control type="textbox">
                                <left>6</left>
                                <top>280</top>
                                <width>224</width>
                                <height>75</height>
                                <font>font12</font>
                                <align>center</align>
                                <aligny>center</aligny>
                                <textcolor>FFB7B4BB</textcolor>
                                <label>$INFO[ListItem.Property(parental.guide.ranking)]</label>
                            </control>
                        </itemlayout>
                        <focusedlayout height="360" width="236">
                            <control type="group">
                                <animation effect="zoom" start="100" end="102" time="100" tween="sine" easing="inout" center="118,180">Focus</animation>
                                <animation effect="zoom" start="102" end="100" time="100" tween="sine" easing="inout" center="118,180">Unfocus</animation>
                                <control type="image">
                                    <width>230</width>
                                    <height>360</height>
                                    <texture colordiffuse="$INFO[Window().Property(tikiskins.highlight)]">common/white.png</texture>
                                </control>
                                <control type="image">
                                    <left>6</left>
                                    <top>40</top>
                                    <width>224</width>
                                    <height>320</height>
                                    <aspectratio>scale</aspectratio>
                                    <texture colordiffuse="FF302F2F">$INFO[ListItem.Property(parental.guide.thumbnail)]</texture>
                                </control>
                                <control type="textbox">
                                    <left>6</left>
                                    <top>6</top>
                                    <width>224</width>
                                    <height>75</height>
                                    <font>font12</font>
                                    <align>center</align>
                                    <aligny>center</aligny>
                                    <textcolor>FFCCCCCC</textcolor>
                                    <label>$INFO[ListItem.Property(parental.guide.name)]</label>
                                </control>
                                <control type="textbox">
                                    <left>6</left>
                                    <top>280</top>
                                    <width>224</width>
                                    <height>75</height>
                                    <font>font12</font>
                                    <align>center</align>
                                    <aligny>center</aligny>
                                    <textcolor>FFCCCCCC</textcolor>
                                    <label>$INFO[ListItem.Property(parental.guide.ranking)]</label>
                                </control>
                            </control>
                        </focusedlayout>
                    </control>
                </control>
            </control>
        </control>
        <include content="Dialog_Settings_Button">
            <param name="id" value="1000" />
            <param name="control" value="button" />
            <width>context_icon_w</width>
        </include>

    </controls>
</window>